name,intensity,output,flag,username,timestamp
salom,94,Hello Hello Hello Hello Hello Hello Hello Hello Hello Hello Hello Hello Hello Hello Hello Hello Hello Hello Hello Hello Hello Hello Hello Hello Hello Hello Hello Hello Hello Hello Hello Hello Hello Hello Hello Hello Hello Hello Hello Hello Hello Hello Hello Hello Hello Hello Hello Hello Hello Hello Hello Hello Hello Hello Hello Hello Hello Hello Hello Hello Hello Hello Hello Hello Hello Hello Hello Hello Hello Hello Hello Hello Hello Hello Hello Hello Hello Hello Hello Hello Hello Hello Hello Hello Hello Hello Hello Hello Hello Hello Hello Hello Hello Hello salom!,,,2024-01-03 15:49:16.356235
php,dasturlash,php eng zo'r til,php boshqa tillardan yaxshiroq ekani haqida ,"ðŸ“¢ Post Title: PHP - Dasturlash uchun zo'r til!

ðŸ“š Post Description: PHP boshqa tillardan yaxshiroq ekani haqida!

Salom, Dasturlash fankchilar! Bugungi kunda, Asosiy PHP o'zbek tili bo'lib, dastur ma'naviyatida juda keng foydalaniladi. Bu haqiqatan ham PHP-ni iste'mol qilish oson, samarali va barqaror holatda dasturlar yaratish imkonini beradi.

PHPning asosiy mantiqiyasi, server sifatida ishlaydigan dastur tili bo'lib, HTML kodini generatsiya qilish imkonini beradi. Siz PHP yordamida dinamik veb-sahifalar, veb-formalar, bloglar, onlayn do'konlar yaratishingiz mumkin.

Bu til salbini kengaytirib, uchuvchi to'g'ridan-to'g'ri skriptalarni ham qo'llay oladi. PHP-dan foydalangan holda rasmiy CMS-lar (Mashhur tizimlar) ham yaratish mumkin. Mana shu sababli, PHP loyihalash va dasturlash jamoasida cho'ng maddiyatlarni egallaydi va tomosha qiluvchilarga ko'plab afzalliklar taqdim etadi.

O'zbekcha imkoniyatlardan foydalanib PHP-ni o'rganib chiqing. U sizga oson, sezgir, tez va samarali dastur qurishda yordam beradi. Natijada, sizning vaktingizni jiddiy ishlar ko'rsatish va samarali dasturlar yaratishga sarflamaydi.

Ko'rsatmalar, ilovalar va o'quv materiallarni PHP ga oid eng so'nggi yangiliklar va trendlar haqida xabar berishuchun bizning kanalga obuna bo'ling!

#php #dasturlash #webdasturlash #oÊ»zbekcha

ðŸ”— [LINK: Join our Telegram channel!](t.me/php_dasturlash)",,,2024-01-03 16:08:00.119876
